{
  "mean": 0.5307414381196681,
  "std": 0.25891384126883266
}